	AD7	AG1	AG2	AG3	AG4	AG6	AG5	AD9	AG7	Emag1	Emag3	Prin1	Prin2	Prin3	Prin4	Eusp1	Eusp2	Eusp3	Eusp4	Emag4	Emag5	Emag6	Hya1	Hya2	Hya3	Hya4	Hya7	Hya5	Ischy1	Ischy2	Ischy3	Halice1	Halice2	Halice3	Halice4	Halice5	Hgigas1	Hgigas3	Hgigas4	Hgigas5	Hgigas6	Hgigas7	Hgigas8	Hgigas9	Hya6	SYA	SYB	SYC	AD10	KA10	KA11	KA12	KA13	KA14	KA2	KA3	KA4	KA5	KA6	KA8	KA9	Hya8	Hya9	XM1	XM10	XM12.1	XM12.2	XM2	XM4	XM5	XM6	XM7	XM9
AD7	0	0.733267695	0.929072045	0.676578425	0.748113712	0.794807207	0.861954096	0.701520765	0.84719694	0.782468966	0.787612026	0.806880081	0.789330762	0.797978777	0.760040184	0.754059937	0.754609759	0.747709764	0.758273873	0.800633558	0.856759292	0.84685794	0.833419545	0.813971649	0.78853932	0.821309929	0.776685917	0.845584106	0.794139579	0.828953849	0.7935115	0.817092501	0.804166716	0.838732706	0.797028262	0.818160792	0.840120588	0.837477578	0.853074958	0.835627695	0.890212097	0.86795218	0.941017559	0.873390978	0.809492651	0.849174596	0.823758752	0.827953836	0.532768535	0.816578425	0.78952289	0.804617798	0.786954938	0.802918072	0.799704117	0.802228547	0.82060564	0.812847114	0.823704767	0.874675229	0.770595649	0.779457607	0.787555213	0.783274679	0.818207514	0.800091496	0.775617463	0.830365758	0.803281678	0.8180285	0.816631127	0.827809283	0.802736736
AG1	0.733267695	0	0.771567394	0.53598696	0.297677256	0.535713807	0.652052922	0.663935376	0.590455876	0.675446998	0.679742885	0.664922624	0.616123873	0.618184201	0.679412534	0.757521792	0.749054125	0.715358244	0.708827188	0.652361804	0.722369252	0.667207842	0.852717969	0.798406812	0.759030237	0.817694218	0.776111084	0.839779639	0.793522207	0.830056277	0.803774941	0.604665628	0.62397077	0.600888614	0.632046207	0.561381951	0.589242563	0.601167565	0.618801585	0.584168445	0.698182199	0.688401295	0.854178676	0.701417715	0.789165174	0.724123076	0.750594681	0.725905844	0.703333222	0.883244061	0.829154765	0.85028089	0.8312274	0.811546219	0.754483538	0.863206515	0.783955557	0.862073193	0.865081381	0.851268036	0.811812244	0.762457907	0.77803585	0.744527496	0.824323405	0.770359044	0.715327447	0.813974992	0.791532318	0.825425536	0.788962492	0.84426463	0.695798893
AG2	0.929072045	0.771567394	0	0.866234097	0.792418178	0.732481545	0.72624566	0.857191983	0.614627321	0.829226051	0.823567559	0.833191776	0.843393761	0.85368805	0.897863267	0.908692985	0.910510062	0.876497948	0.854875911	0.838611568	0.786897822	0.770386372	0.957689373	0.943742597	0.930835388	0.94697977	0.931602005	0.95320488	0.940167661	0.927485297	0.931149149	0.809992363	0.84286712	0.737977335	0.856471181	0.722915578	0.762783417	0.716636729	0.743147272	0.708372305	0.650797134	0.742205048	0.49263097	0.63095351	0.919271651	0.859009592	0.908765673	0.886402566	0.912140674	0.961639928	0.94284523	0.946407209	0.934396749	0.919014256	0.883539042	0.951407402	0.901314436	0.952739966	0.952615498	0.924294334	0.932947357	0.924683986	0.929291485	0.878120016	0.94048147	0.925123492	0.907487153	0.932223618	0.91216718	0.937208058	0.913962146	0.936664325	0.83660465
AG3	0.676578425	0.53598696	0.866234097	0	0.482658862	0.719120008	0.80386269	0.726928057	0.752023053	0.753672202	0.705392956	0.679410563	0.638029609	0.661918083	0.670165406	0.767337716	0.774291991	0.754743251	0.758295929	0.732530971	0.821975822	0.779661826	0.858134425	0.825361714	0.803588534	0.83718685	0.795082786	0.853856571	0.81122631	0.845923086	0.81581811	0.731279719	0.703485907	0.742155956	0.71511254	0.703330873	0.755251126	0.738539267	0.778507867	0.731001742	0.819763879	0.782693098	0.893648989	0.794177756	0.82705087	0.770153554	0.77147852	0.762077066	0.648028748	0.852291071	0.799617856	0.833781371	0.801433442	0.7788723	0.760475451	0.817036757	0.781770736	0.825589959	0.846448456	0.862126786	0.77726472	0.716917833	0.765132793	0.775757513	0.831254342	0.754376265	0.67012351	0.838556831	0.810982807	0.845142218	0.816413327	0.821010896	0.725052299
AG4	0.748113712	0.297677256	0.792418178	0.482658862	0	0.630968503	0.720223147	0.712107523	0.632297814	0.714732043	0.690795983	0.695362561	0.636583759	0.669296007	0.693231261	0.778991445	0.77093992	0.754166132	0.761952175	0.681810497	0.774933785	0.712271801	0.863615558	0.819488699	0.780469442	0.835447899	0.792424521	0.853486603	0.805582068	0.850266508	0.821295871	0.625975627	0.622140262	0.618838992	0.642158563	0.578406395	0.662227621	0.636628755	0.692239346	0.619101464	0.685929226	0.705373318	0.844661379	0.676639594	0.827043839	0.771257927	0.784292732	0.760388823	0.690875048	0.884153095	0.832793373	0.857101754	0.839546437	0.803155736	0.76416821	0.867035604	0.786127143	0.862265479	0.872855203	0.836632127	0.8122062	0.780190071	0.796477621	0.741004879	0.819475954	0.774049758	0.709705721	0.813228747	0.772092963	0.840036662	0.787536606	0.83889495	0.68010908
AG6	0.794807207	0.535713807	0.732481545	0.719120008	0.630968503	0	0.543727724	0.652303751	0.434805366	0.607454351	0.64311123	0.812308579	0.739453033	0.7301519	0.757753616	0.718221761	0.69648996	0.63359335	0.59692139	0.704542291	0.709788891	0.636394812	0.870098628	0.833982096	0.807747802	0.869840611	0.825483332	0.875064278	0.833246914	0.822719568	0.818324611	0.758275002	0.722047012	0.748817339	0.766121342	0.742978511	0.741818086	0.75632707	0.685854955	0.733152882	0.835619502	0.754413729	0.836536302	0.772595276	0.809133647	0.792832747	0.777255247	0.805444566	0.754118079	0.897201654	0.849957797	0.867163952	0.843152589	0.812507805	0.763405135	0.872796845	0.783622985	0.878638187	0.879018762	0.821501218	0.832532023	0.788945884	0.808789628	0.753500164	0.841077209	0.811859799	0.766471448	0.815581462	0.769463281	0.825919346	0.797681386	0.850758115	0.690032116
AG5	0.861954096	0.652052922	0.72624566	0.80386269	0.720223147	0.543727724	0	0.791707853	0.597855139	0.756971785	0.768577798	0.86549704	0.776733612	0.826186484	0.84866378	0.846568614	0.812477125	0.777482204	0.764049603	0.724104371	0.624488002	0.568531537	0.903909991	0.861324493	0.827410216	0.888470862	0.874637964	0.894006492	0.8731265	0.856955677	0.836024438	0.764318836	0.801648943	0.780874374	0.800972921	0.795952361	0.713553375	0.767855183	0.60560873	0.763093823	0.815754569	0.746888508	0.782726268	0.78379207	0.850696651	0.762862787	0.826006019	0.824883106	0.838166265	0.936750756	0.901605637	0.91437469	0.898929996	0.880982534	0.813822279	0.921347108	0.83827964	0.922682	0.921594448	0.886993085	0.892674472	0.882642085	0.888368229	0.851117195	0.908461051	0.894066576	0.873242403	0.897740571	0.879160231	0.896707979	0.886174661	0.907944775	0.802134665
AD9	0.701520765	0.663935376	0.857191983	0.726928057	0.712107523	0.652303751	0.791707853	0	0.700687476	0.69510969	0.685787696	0.795800045	0.755159916	0.721688731	0.688328062	0.732111993	0.723096697	0.706192096	0.689729306	0.734140115	0.822991085	0.788694348	0.838203918	0.825148018	0.801296806	0.846259106	0.805187104	0.847021305	0.809506234	0.845664582	0.829522327	0.740060157	0.72613431	0.773886601	0.72683388	0.74434274	0.75754195	0.77092026	0.800098252	0.764217374	0.835700483	0.817298183	0.897129996	0.836752218	0.766639291	0.810458459	0.809020161	0.800159141	0.667069993	0.847901502	0.800984656	0.822238343	0.79568118	0.783155163	0.743879719	0.826745215	0.769567328	0.835775238	0.840467579	0.832222528	0.793621719	0.738397395	0.738397738	0.729954141	0.786082627	0.747407523	0.719037757	0.77007966	0.727768448	0.782663483	0.739085268	0.791635402	0.726222028
AG7	0.84719694	0.590455876	0.614627321	0.752023053	0.632297814	0.434805366	0.597855139	0.700687476	0	0.606151473	0.588467091	0.798281282	0.694054866	0.646697282	0.737723245	0.788680992	0.780849789	0.727213386	0.683849099	0.730585186	0.708351464	0.641380373	0.904902851	0.878034874	0.864168659	0.899595803	0.865180234	0.908194675	0.875629554	0.857432776	0.864870325	0.700624643	0.726610827	0.678161862	0.732640098	0.674215546	0.709886215	0.679856719	0.63214541	0.645287618	0.769871408	0.674041376	0.756651829	0.688110453	0.853945133	0.79173582	0.811542326	0.821275306	0.813160905	0.916098712	0.871922632	0.887928613	0.861209973	0.822718927	0.784662609	0.894555755	0.809223049	0.897897419	0.896722009	0.841624406	0.855475638	0.837857959	0.838893663	0.738175563	0.850633822	0.806140993	0.759142	0.820525396	0.768593	0.84834321	0.788274501	0.851727445	0.644472824
Emag1	0.782468966	0.675446998	0.829226051	0.753672202	0.714732043	0.607454351	0.756971785	0.69510969	0.606151473	0	0.53656312	0.824132749	0.76086381	0.740544646	0.731049838	0.671191548	0.673628678	0.620517483	0.606202471	0.653816079	0.707425074	0.638019665	0.852614563	0.831663073	0.82139128	0.852729845	0.799736458	0.854476517	0.837111034	0.838025463	0.830421382	0.805626632	0.791346422	0.803240418	0.801802161	0.800005628	0.779279732	0.795548008	0.74137696	0.792872501	0.864077287	0.783528255	0.883474722	0.789267888	0.815101341	0.809026709	0.808867997	0.825478441	0.720187399	0.865595982	0.821450137	0.837186042	0.8171423	0.792751924	0.757061104	0.846388084	0.760835953	0.850707474	0.853611533	0.813819556	0.798175215	0.785940352	0.786679229	0.686627384	0.80440036	0.793714234	0.770034515	0.776040761	0.744416829	0.781386748	0.774083224	0.807103472	0.697727473
Emag3	0.787612026	0.679742885	0.823567559	0.705392956	0.690795983	0.64311123	0.768577798	0.685787696	0.588467091	0.53656312	0	0.779199525	0.699923759	0.675434045	0.665197876	0.636198815	0.685675762	0.606121374	0.644996961	0.674189563	0.733027947	0.664072893	0.867209915	0.852457832	0.838561668	0.86880399	0.833637778	0.868699723	0.839271984	0.856410504	0.84088391	0.782394614	0.779436793	0.783308246	0.788804957	0.780980023	0.800830604	0.784536189	0.78658451	0.767252715	0.840229942	0.786471459	0.886910465	0.806987626	0.83132513	0.816533509	0.803554428	0.827570581	0.738508238	0.865963463	0.79956555	0.818204856	0.781231421	0.758692255	0.711465642	0.829159521	0.74479829	0.830481056	0.834095574	0.8445841	0.771378584	0.789993351	0.806021366	0.73433826	0.823994327	0.752661195	0.748551919	0.79807468	0.742059212	0.808051078	0.763303013	0.811305507	0.64683811
Prin1	0.806880081	0.664922624	0.833191776	0.679410563	0.695362561	0.812308579	0.86549704	0.795800045	0.798281282	0.824132749	0.779199525	0	0.367143762	0.462298933	0.530881372	0.851869074	0.84082337	0.81856975	0.830791796	0.794645667	0.867812118	0.857058101	0.908093247	0.889410786	0.855608445	0.885470747	0.854675783	0.911280383	0.880182576	0.921366164	0.896285845	0.687157777	0.667020556	0.731992441	0.651652301	0.673468425	0.746296837	0.724513357	0.766463825	0.725022942	0.750537244	0.753795481	0.874131107	0.754149942	0.862095027	0.855408789	0.879468612	0.852940417	0.800960487	0.905332764	0.870427803	0.896971199	0.876620803	0.856677529	0.824763021	0.879957821	0.856501564	0.888568531	0.905733891	0.911313895	0.865115498	0.776984222	0.829417765	0.826833448	0.874925076	0.763337721	0.717965197	0.875715634	0.857911302	0.889942858	0.857667445	0.870423677	0.765607442
Prin2	0.789330762	0.616123873	0.843393761	0.638029609	0.636583759	0.739453033	0.776733612	0.755159916	0.694054866	0.76086381	0.699923759	0.367143762	0	0.467275944	0.493301237	0.816733333	0.813944922	0.77103706	0.778263473	0.764015029	0.806402957	0.757222479	0.885307108	0.86232506	0.823246877	0.870435865	0.840880842	0.887086144	0.845581631	0.885745443	0.864490964	0.636330841	0.528221907	0.640692828	0.608996671	0.613541011	0.653065585	0.614330475	0.687643789	0.627264134	0.727685875	0.653669739	0.862574858	0.736409121	0.847293229	0.810296624	0.83431098	0.819491506	0.773593508	0.889651622	0.835501678	0.869856699	0.840914142	0.806857012	0.772893614	0.849909463	0.814089438	0.861608153	0.88045629	0.878019097	0.827999867	0.740916324	0.809017558	0.77873966	0.859251046	0.726603191	0.647760016	0.845114192	0.820176305	0.868091931	0.831096588	0.848457341	0.681225265
Prin3	0.797978777	0.618184201	0.85368805	0.661918083	0.669296007	0.7301519	0.826186484	0.721688731	0.646697282	0.740544646	0.675434045	0.462298933	0.467275944	0	0.516446852	0.79953787	0.788407666	0.745245465	0.773384047	0.795845586	0.850635267	0.812558917	0.894042014	0.86943324	0.833007094	0.869991617	0.839403841	0.894280673	0.858479318	0.892177308	0.874549149	0.674452878	0.670749488	0.72982989	0.66894146	0.697620903	0.756187927	0.737592828	0.778388583	0.72282584	0.801286155	0.756688554	0.907238174	0.818552509	0.834956959	0.813224181	0.81746632	0.814785663	0.788630013	0.890083964	0.838678173	0.870213091	0.846951962	0.810578972	0.796278046	0.860025819	0.824959855	0.871367389	0.880460802	0.874808783	0.830889569	0.768882297	0.808282961	0.764136919	0.840775226	0.724946853	0.68748061	0.81564518	0.7847208	0.837346599	0.784925758	0.835097452	0.696845259
Prin4	0.760040184	0.679412534	0.897863267	0.670165406	0.693231261	0.757753616	0.84866378	0.688328062	0.737723245	0.731049838	0.665197876	0.530881372	0.493301237	0.516446852	0	0.755663541	0.751931766	0.723771199	0.752456913	0.786089618	0.8700548	0.844799694	0.882653467	0.86769028	0.839807051	0.87107935	0.838652239	0.887755376	0.853763532	0.895596348	0.864712422	0.761298731	0.69618574	0.779675478	0.730231467	0.742490033	0.795114693	0.781898591	0.818498263	0.771510368	0.853888619	0.798045761	0.935188095	0.840112713	0.823354565	0.855854345	0.850562885	0.849462237	0.731854361	0.848645125	0.796624955	0.832267739	0.800760702	0.768160448	0.753349491	0.816231002	0.792408479	0.825692826	0.841595845	0.842903978	0.806412857	0.713750941	0.752014012	0.726779325	0.798649736	0.656203973	0.631809501	0.772287564	0.740949853	0.79638475	0.743886236	0.791724367	0.708670866
Eusp1	0.754059937	0.757521792	0.908692985	0.767337716	0.778991445	0.718221761	0.846568614	0.732111993	0.788680992	0.671191548	0.636198815	0.851869074	0.816733333	0.79953787	0.755663541	0	0.51519088	0.470081608	0.506106542	0.737919328	0.790494314	0.79144427	0.810976807	0.80489343	0.775293798	0.803484959	0.784508755	0.816283111	0.798933433	0.832161645	0.811151597	0.860852538	0.839919324	0.855150367	0.849875189	0.854550997	0.852488816	0.859074732	0.845365676	0.858145015	0.904043894	0.860855108	0.941177762	0.865511886	0.777260907	0.854138868	0.818732507	0.846183618	0.693342184	0.807028185	0.785974824	0.779724926	0.762905265	0.730553025	0.702797729	0.79273459	0.716317273	0.783826526	0.76662278	0.829339734	0.761233774	0.700850853	0.722557257	0.728885922	0.795393891	0.724794354	0.758896685	0.787904213	0.779885841	0.773343021	0.760646259	0.813561012	0.663152115
Eusp2	0.754609759	0.749054125	0.910510062	0.774291991	0.77093992	0.69648996	0.812477125	0.723096697	0.780849789	0.673628678	0.685675762	0.84082337	0.813944922	0.788407666	0.751931766	0.51519088	0	0.422765151	0.540309916	0.740431273	0.802424199	0.803218845	0.830995465	0.799079718	0.76602332	0.822157535	0.773899508	0.829405799	0.782028548	0.831891147	0.799399693	0.841795064	0.834797784	0.849407766	0.842540606	0.850538619	0.850286284	0.858595219	0.855297407	0.858996576	0.902329124	0.874383998	0.938800356	0.885063696	0.766706889	0.86507734	0.839414818	0.84809903	0.714705963	0.83147263	0.795562584	0.805574557	0.791314159	0.778902293	0.761905456	0.821656616	0.764102432	0.824053606	0.806137905	0.835001306	0.776606074	0.75143855	0.765228211	0.720557749	0.797517455	0.766067438	0.798536367	0.781254237	0.770284556	0.768358087	0.782596705	0.795738605	0.749349817
Eusp3	0.747709764	0.715358244	0.876497948	0.754743251	0.754166132	0.63359335	0.777482204	0.706192096	0.727213386	0.620517483	0.606121374	0.81856975	0.77103706	0.745245465	0.723771199	0.470081608	0.422765151	0	0.491776786	0.7119985	0.746388732	0.749088374	0.82469548	0.795248283	0.757628758	0.80822942	0.773033121	0.830648607	0.788000532	0.816654344	0.786349907	0.84131614	0.809789184	0.83598349	0.83226333	0.835400257	0.823980073	0.83529744	0.814338324	0.833669748	0.887120301	0.820646299	0.923490952	0.853248579	0.754913795	0.831597446	0.803243805	0.806510579	0.71844955	0.844569489	0.798787196	0.809037459	0.785657556	0.770819818	0.758630044	0.822795813	0.759952756	0.830623858	0.810365879	0.838569626	0.773651401	0.746300144	0.759732053	0.706292349	0.801132014	0.77024294	0.773045085	0.772771358	0.767089216	0.78195086	0.764849468	0.827103938	0.704796922
Eusp4	0.758273873	0.708827188	0.854875911	0.758295929	0.761952175	0.59692139	0.764049603	0.689729306	0.683849099	0.606202471	0.644996961	0.830791796	0.778263473	0.773384047	0.752456913	0.506106542	0.540309916	0.491776786	0	0.715804812	0.70326671	0.739072401	0.813819761	0.80238398	0.787571014	0.798016504	0.772424684	0.812807048	0.786095637	0.795836684	0.78508658	0.82187486	0.821214859	0.836391259	0.830568674	0.833856055	0.818214149	0.828188719	0.794972681	0.826555066	0.894708454	0.825021064	0.910285318	0.844622096	0.751775851	0.810884726	0.786274371	0.806335366	0.707787597	0.855896119	0.821476289	0.830942356	0.812432583	0.786880861	0.771631267	0.831687644	0.761577757	0.837081802	0.834684668	0.833325156	0.797767212	0.733864972	0.744265553	0.697495825	0.808547572	0.773029953	0.753252821	0.771561467	0.775149881	0.767535163	0.782580093	0.797680461	0.715191291
Emag4	0.800633558	0.652361804	0.838611568	0.732530971	0.681810497	0.704542291	0.724104371	0.734140115	0.730585186	0.653816079	0.674189563	0.794645667	0.764015029	0.795845586	0.786089618	0.737919328	0.740431273	0.7119985	0.715804812	0	0.567435331	0.584662127	0.862237117	0.819897697	0.810599707	0.838574371	0.825897491	0.854120089	0.823291881	0.828174669	0.791179084	0.761052102	0.750574948	0.685818234	0.756275065	0.693323272	0.692667831	0.690594557	0.720639612	0.691604498	0.788693566	0.742085652	0.838534037	0.762711456	0.842600381	0.782009309	0.814088641	0.778691857	0.7431268	0.916085753	0.87664748	0.890565037	0.872064549	0.854038891	0.800806536	0.897612419	0.815694663	0.90074421	0.893260788	0.881220934	0.866153542	0.821689454	0.836829019	0.817371613	0.844569446	0.859583794	0.825114168	0.864219115	0.839813539	0.853306681	0.844692715	0.863230503	0.800657575
Emag5	0.856759292	0.722369252	0.786897822	0.821975822	0.774933785	0.709788891	0.624488002	0.822991085	0.708351464	0.707425074	0.733027947	0.867812118	0.806402957	0.850635267	0.8700548	0.790494314	0.802424199	0.746388732	0.70326671	0.567435331	0	0.443919226	0.885029984	0.849447683	0.837521745	0.864081379	0.864187274	0.873388155	0.86106018	0.839024573	0.833496799	0.799321048	0.808904439	0.738837144	0.802137111	0.763137961	0.713004047	0.720082719	0.612559443	0.73931581	0.805839316	0.680042837	0.75577368	0.742143554	0.870556233	0.74921074	0.820139755	0.783239839	0.835961846	0.935464988	0.910662028	0.92159421	0.901807179	0.893987715	0.842914553	0.921786739	0.850047285	0.928241845	0.920110295	0.895694926	0.899613975	0.87012964	0.882270203	0.855721898	0.906753587	0.904970465	0.888398712	0.897162839	0.87619233	0.891821392	0.89266648	0.903533613	0.814663079
Emag6	0.84685794	0.667207842	0.770386372	0.779661826	0.712271801	0.636394812	0.568531537	0.788694348	0.641380373	0.638019665	0.664072893	0.857058101	0.757222479	0.812558917	0.844799694	0.79144427	0.803218845	0.749088374	0.739072401	0.584662127	0.443919226	0	0.871404787	0.830345718	0.800884748	0.853414244	0.842885659	0.85574036	0.845449817	0.823586707	0.813152518	0.767307006	0.77814467	0.749831714	0.794068935	0.772213847	0.729585036	0.720340089	0.637577261	0.728417364	0.818547815	0.727340826	0.7755029	0.741293712	0.842893395	0.751153589	0.775428498	0.78386332	0.807109683	0.926923713	0.89824567	0.909046073	0.890451057	0.872582413	0.814026312	0.914635771	0.821528876	0.917465916	0.910928458	0.872533838	0.884853265	0.841646366	0.851431968	0.831295442	0.883759157	0.882503565	0.853258985	0.874064666	0.848433924	0.878367206	0.872950549	0.889542892	0.77870702
Hya1	0.833419545	0.852717969	0.957689373	0.858134425	0.863615558	0.870098628	0.903909991	0.838203918	0.904902851	0.852614563	0.867209915	0.908093247	0.885307108	0.894042014	0.882653467	0.810976807	0.830995465	0.82469548	0.813819761	0.862237117	0.885029984	0.871404787	0	0.469865547	0.550863082	0.404360729	0.437344379	0.308609937	0.738310252	0.776650386	0.757542208	0.888981101	0.872268197	0.90066153	0.883906929	0.901290121	0.898526685	0.905274871	0.900600663	0.910129446	0.93046227	0.917618993	0.958976945	0.930369218	0.624959581	0.848546879	0.798453265	0.827781597	0.782736559	0.859343846	0.887239696	0.86168614	0.877433279	0.858342745	0.833736677	0.852429935	0.825307903	0.864029466	0.837555808	0.875347791	0.864840894	0.653998146	0.670740665	0.837306353	0.842767623	0.853946433	0.866804747	0.842721015	0.858168407	0.819749137	0.858436706	0.851267602	0.865568485
Hya2	0.813971649	0.798406812	0.943742597	0.825361714	0.819488699	0.833982096	0.861324493	0.825148018	0.878034874	0.831663073	0.852457832	0.889410786	0.86232506	0.86943324	0.86769028	0.80489343	0.799079718	0.795248283	0.80238398	0.819897697	0.849447683	0.830345718	0.469865547	0	0.44487614	0.519252269	0.328778212	0.434769726	0.714646497	0.755475795	0.721888916	0.857978796	0.853427495	0.873235422	0.854476249	0.871407388	0.861965508	0.871970825	0.871808293	0.872712053	0.909018807	0.896291446	0.941875409	0.909526487	0.632394888	0.832684049	0.781987503	0.803176065	0.745269194	0.870030426	0.885457087	0.868253029	0.868510158	0.865221284	0.810613155	0.860945944	0.794919678	0.872003795	0.849642508	0.882114608	0.866071962	0.651295371	0.681526603	0.840953967	0.848161581	0.852660455	0.861594608	0.846008352	0.850617444	0.829497066	0.840624878	0.861041119	0.844030079
Hya3	0.78853932	0.759030237	0.930835388	0.803588534	0.780469442	0.807747802	0.827410216	0.801296806	0.864168659	0.82139128	0.838561668	0.855608445	0.823246877	0.833007094	0.839807051	0.775293798	0.76602332	0.757628758	0.787571014	0.810599707	0.837521745	0.800884748	0.550863082	0.44487614	0	0.509882233	0.501617224	0.510947708	0.726225985	0.771996623	0.714517	0.838960439	0.808335329	0.841880878	0.829376388	0.839477109	0.836881208	0.848137733	0.845454069	0.848376505	0.88013239	0.876743793	0.940589009	0.88275279	0.662260116	0.81441916	0.784521325	0.792043192	0.723517437	0.869317405	0.8730879	0.866333705	0.866441526	0.846041981	0.798071691	0.846556683	0.787076452	0.862670445	0.844606646	0.864659289	0.854098541	0.660423009	0.653931671	0.823131526	0.846360261	0.824831272	0.832362333	0.831230508	0.82443468	0.811430054	0.834155558	0.856790603	0.827242681
Hya4	0.821309929	0.817694218	0.94697977	0.83718685	0.835447899	0.869840611	0.888470862	0.846259106	0.899595803	0.852729845	0.86880399	0.885470747	0.870435865	0.869991617	0.87107935	0.803484959	0.822157535	0.80822942	0.798016504	0.838574371	0.864081379	0.853414244	0.404360729	0.519252269	0.509882233	0	0.46027169	0.39434487	0.739570974	0.781233198	0.745224271	0.877760459	0.861673865	0.880079417	0.869456409	0.875730762	0.879867588	0.887105616	0.886889041	0.887635589	0.919607282	0.907294688	0.952121569	0.913218062	0.637251095	0.841702588	0.803337965	0.804823646	0.763787743	0.860779327	0.880387169	0.853157886	0.872263731	0.849054685	0.823375808	0.849558164	0.803380328	0.863567163	0.829226486	0.883117826	0.856994453	0.683801957	0.685477367	0.848126455	0.847962115	0.85239756	0.859926602	0.850797702	0.866710424	0.832487995	0.863500636	0.859238193	0.867830153
Hya7	0.776685917	0.776111084	0.931602005	0.795082786	0.792424521	0.825483332	0.874637964	0.805187104	0.865180234	0.799736458	0.833637778	0.854675783	0.840880842	0.839403841	0.838652239	0.784508755	0.773899508	0.773033121	0.772424684	0.825897491	0.864187274	0.842885659	0.437344379	0.328778212	0.501617224	0.46027169	0	0.448583557	0.710921011	0.753680784	0.729345222	0.85288406	0.835053888	0.859275812	0.842468365	0.845433538	0.860552841	0.862430718	0.863888708	0.862877166	0.899076778	0.887403425	0.945975088	0.891836369	0.570444445	0.838520368	0.773854081	0.808272393	0.752092997	0.862212953	0.861337494	0.839857998	0.853044991	0.845313196	0.829390932	0.856617377	0.808355857	0.865162926	0.837243412	0.861640249	0.835429083	0.641137939	0.660031601	0.80638748	0.819154648	0.836410214	0.837968867	0.817898099	0.830738205	0.80249605	0.847211074	0.836183637	0.848339696
Hya5	0.845584106	0.839779639	0.95320488	0.853856571	0.853486603	0.875064278	0.894006492	0.847021305	0.908194675	0.854476517	0.868699723	0.911280383	0.887086144	0.894280673	0.887755376	0.816283111	0.829405799	0.830648607	0.812807048	0.854120089	0.873388155	0.85574036	0.308609937	0.434769726	0.510947708	0.39434487	0.448583557	0	0.742224558	0.77289223	0.75642756	0.890036782	0.882250397	0.902794141	0.884497767	0.902200856	0.899220318	0.906577056	0.90149514	0.911869996	0.934197657	0.922479492	0.954552373	0.93238558	0.617917211	0.847106789	0.789697866	0.82311319	0.787218427	0.860189606	0.888195347	0.860716666	0.877497795	0.861055655	0.832750739	0.86818077	0.810547349	0.868617901	0.831160421	0.879300746	0.864719167	0.639982378	0.66457906	0.848470172	0.853178957	0.861451238	0.872940349	0.849255994	0.867731034	0.824446602	0.865462053	0.85829151	0.872490399
Ischy1	0.794139579	0.793522207	0.940167661	0.81122631	0.805582068	0.833246914	0.8731265	0.809506234	0.875629554	0.837111034	0.839271984	0.880182576	0.845581631	0.858479318	0.853763532	0.798933433	0.782028548	0.788000532	0.786095637	0.823291881	0.86106018	0.845449817	0.738310252	0.714646497	0.726225985	0.739570974	0.710921011	0.742224558	0	0.267095415	0.316299182	0.857887406	0.845318131	0.867256562	0.852545408	0.861387762	0.85766712	0.86629626	0.861208209	0.862088012	0.902099901	0.888903421	0.942589847	0.899350657	0.751934848	0.841824964	0.787546846	0.817462113	0.764062443	0.857929405	0.856452229	0.832822924	0.841839539	0.844862405	0.835348396	0.85330449	0.830545669	0.858147397	0.846027682	0.870883782	0.827681684	0.748169016	0.776971521	0.809360641	0.820673906	0.824732995	0.82829797	0.826717989	0.824784443	0.792841958	0.834500434	0.829090346	0.853793726
Ischy2	0.828953849	0.830056277	0.927485297	0.845923086	0.850266508	0.822719568	0.856955677	0.845664582	0.857432776	0.838025463	0.856410504	0.921366164	0.885745443	0.892177308	0.895596348	0.832161645	0.831891147	0.816654344	0.795836684	0.828174669	0.839024573	0.823586707	0.776650386	0.755475795	0.771996623	0.781233198	0.753680784	0.77289223	0.267095415	0	0.331089993	0.895959429	0.885873765	0.898077202	0.892221238	0.90458268	0.894227689	0.895884976	0.877307983	0.891375902	0.938509822	0.899177512	0.934190197	0.911727536	0.790929659	0.85194004	0.79949019	0.832989742	0.793345086	0.884323634	0.889488062	0.865974234	0.865211636	0.876055965	0.867410581	0.878622134	0.849276298	0.881857316	0.874622828	0.866755477	0.864729553	0.81488862	0.821529691	0.837226405	0.852147056	0.857177546	0.877329045	0.855238237	0.835190473	0.818418051	0.861475486	0.865238873	0.875716595
Ischy3	0.7935115	0.803774941	0.931149149	0.81581811	0.821295871	0.818324611	0.836024438	0.829522327	0.864870325	0.830421382	0.84088391	0.896285845	0.864490964	0.874549149	0.864712422	0.811151597	0.799399693	0.786349907	0.78508658	0.791179084	0.833496799	0.813152518	0.757542208	0.721888916	0.714517	0.745224271	0.729345222	0.75642756	0.316299182	0.331089993	0	0.877348079	0.862345593	0.88784607	0.870351883	0.879451125	0.87784881	0.887558473	0.869888062	0.883123236	0.928809646	0.901436946	0.937560579	0.913479241	0.770133317	0.827127464	0.775204586	0.810134771	0.75366163	0.877967052	0.882380057	0.8567137	0.864976231	0.871470446	0.851315368	0.87187104	0.837047477	0.876142359	0.864800972	0.867196986	0.852796006	0.799043353	0.801841254	0.811345795	0.827691893	0.837597273	0.858999834	0.829896661	0.818744901	0.788778616	0.836982662	0.843640193	0.859295731
Halice1	0.817092501	0.604665628	0.809992363	0.731279719	0.625975627	0.758275002	0.764318836	0.740060157	0.700624643	0.805626632	0.782394614	0.687157777	0.636330841	0.674452878	0.761298731	0.860852538	0.841795064	0.84131614	0.82187486	0.761052102	0.799321048	0.767307006	0.888981101	0.857978796	0.838960439	0.877760459	0.85288406	0.890036782	0.857887406	0.895959429	0.877348079	0	0.483900949	0.351897325	0.32685419	0.400077767	0.500039168	0.49969659	0.618369943	0.499951105	0.62505183	0.576688399	0.786251158	0.684162957	0.85081898	0.799655982	0.839184356	0.814009038	0.825426973	0.915449347	0.883084689	0.899450341	0.886614138	0.855927802	0.81845138	0.904691078	0.850115793	0.908485661	0.914021906	0.889995375	0.87483114	0.827503477	0.840061549	0.786528197	0.854612456	0.804343034	0.771065195	0.85542774	0.837402259	0.87304672	0.83395014	0.856665688	0.752623801
Halice2	0.804166716	0.62397077	0.84286712	0.703485907	0.622140262	0.722047012	0.801648943	0.72613431	0.726610827	0.791346422	0.779436793	0.667020556	0.528221907	0.670749488	0.69618574	0.839919324	0.834797784	0.809789184	0.821214859	0.750574948	0.808904439	0.77814467	0.872268197	0.853427495	0.808335329	0.861673865	0.835053888	0.882250397	0.845318131	0.885873765	0.862345593	0.483900949	0	0.428635673	0.218828154	0.434516084	0.600645158	0.575741297	0.69065282	0.576726136	0.709544742	0.620003072	0.839908671	0.722013987	0.849783894	0.821273316	0.842326636	0.817991241	0.792750951	0.905132593	0.857848974	0.882532634	0.862538973	0.833055668	0.79816159	0.875844847	0.834853953	0.884451584	0.889607363	0.86353422	0.842044198	0.78979062	0.802351995	0.789004315	0.855965582	0.803592852	0.721293484	0.842100707	0.811890817	0.874680407	0.824224902	0.863363728	0.751065622
Halice3	0.838732706	0.600888614	0.737977335	0.742155956	0.618838992	0.748817339	0.780874374	0.773886601	0.678161862	0.803240418	0.783308246	0.731992441	0.640692828	0.72982989	0.779675478	0.855150367	0.849407766	0.83598349	0.836391259	0.685818234	0.738837144	0.749831714	0.90066153	0.873235422	0.841880878	0.880079417	0.859275812	0.902794141	0.867256562	0.898077202	0.88784607	0.351897325	0.428635673	0	0.435258626	0.226236779	0.378917489	0.335723193	0.525910329	0.317788771	0.51774468	0.479694387	0.723025686	0.568592296	0.874573828	0.801336634	0.867423207	0.810482958	0.839395223	0.928811912	0.896292085	0.910405143	0.892000003	0.85896842	0.818578194	0.913593065	0.849485272	0.917872159	0.915439674	0.893518321	0.886702839	0.835120146	0.855180446	0.818696324	0.876151064	0.835194686	0.778687448	0.880939117	0.853608644	0.897711704	0.863726358	0.885413718	0.775912528
Halice4	0.797028262	0.632046207	0.856471181	0.71511254	0.642158563	0.766121342	0.800972921	0.72683388	0.732640098	0.801802161	0.788804957	0.651652301	0.608996671	0.66894146	0.730231467	0.849875189	0.842540606	0.83226333	0.830568674	0.756275065	0.802137111	0.794068935	0.883906929	0.854476249	0.829376388	0.869456409	0.842468365	0.884497767	0.852545408	0.892221238	0.870351883	0.32685419	0.218828154	0.435258626	0	0.433841845	0.583410261	0.580755181	0.6777922	0.579203753	0.696178414	0.642512202	0.832439735	0.732205487	0.85199033	0.819180781	0.841085943	0.815937456	0.798584952	0.905925489	0.871789532	0.891098756	0.880904444	0.851874971	0.816347011	0.896481078	0.843664238	0.894734361	0.904294147	0.880553488	0.863816854	0.810997383	0.823838478	0.79642173	0.849715546	0.804689804	0.729736438	0.841533056	0.823148649	0.874590768	0.814272015	0.857161977	0.760467628
Halice5	0.818160792	0.561381951	0.722915578	0.703330873	0.578406395	0.742978511	0.795952361	0.74434274	0.674215546	0.800005628	0.780980023	0.673468425	0.613541011	0.697620903	0.742490033	0.854550997	0.850538619	0.835400257	0.833856055	0.693323272	0.763137961	0.772213847	0.901290121	0.871407388	0.839477109	0.875730762	0.845433538	0.902200856	0.861387762	0.90458268	0.879451125	0.400077767	0.434516084	0.226236779	0.433841845	0	0.402289392	0.371755768	0.565583081	0.360594484	0.56219985	0.52560081	0.750809731	0.616131294	0.867807886	0.798849442	0.848263241	0.78727437	0.818853902	0.921868361	0.884596905	0.901226172	0.891191113	0.858598114	0.820240197	0.905521678	0.850200602	0.909479566	0.914592663	0.894009514	0.872897612	0.813817491	0.838921858	0.808197261	0.868046305	0.820609478	0.745185965	0.866584494	0.845325525	0.890818715	0.855336302	0.87983826	0.753444719
Hgigas1	0.840120588	0.589242563	0.762783417	0.755251126	0.662227621	0.741818086	0.713553375	0.75754195	0.709886215	0.779279732	0.800830604	0.746296837	0.653065585	0.756187927	0.795114693	0.852488816	0.850286284	0.823980073	0.818214149	0.692667831	0.713004047	0.729585036	0.898526685	0.861965508	0.836881208	0.879867588	0.860552841	0.899220318	0.85766712	0.894227689	0.87784881	0.500039168	0.600645158	0.378917489	0.583410261	0.402289392	0	0.263362091	0.260433327	0.243572142	0.448494052	0.462338736	0.680869935	0.585791875	0.879708659	0.75872033	0.840280529	0.771164363	0.823854437	0.92987301	0.893925697	0.908958661	0.887946031	0.87697909	0.809925775	0.914916681	0.836533271	0.919004069	0.916032769	0.906379377	0.883962772	0.822839393	0.845084916	0.846824587	0.898315196	0.857632756	0.799991752	0.893454285	0.882167257	0.901504716	0.885058937	0.899671582	0.799618588
Hgigas3	0.837477578	0.601167565	0.716636729	0.738539267	0.636628755	0.75632707	0.767855183	0.77092026	0.679856719	0.795548008	0.784536189	0.724513357	0.614330475	0.737592828	0.781898591	0.859074732	0.858595219	0.83529744	0.828188719	0.690594557	0.720082719	0.720340089	0.905274871	0.871970825	0.848137733	0.887105616	0.862430718	0.906577056	0.86629626	0.895884976	0.887558473	0.49969659	0.575741297	0.335723193	0.580755181	0.371755768	0.263362091	0	0.435268809	0.102581849	0.46305109	0.351721533	0.689584932	0.499068106	0.880744796	0.790968903	0.85908271	0.789044709	0.83382385	0.931875874	0.900263687	0.913870198	0.891541761	0.864947406	0.820852091	0.91598382	0.853462178	0.917908403	0.919569482	0.899161362	0.887725392	0.833486101	0.854571858	0.832004933	0.886121249	0.84607086	0.783624604	0.884731837	0.868306938	0.903561503	0.873173306	0.887917504	0.770792591
Hgigas4	0.853074958	0.618801585	0.743147272	0.778507867	0.692239346	0.685854955	0.60560873	0.800098252	0.63214541	0.74137696	0.78658451	0.766463825	0.687643789	0.778388583	0.818498263	0.845365676	0.855297407	0.814338324	0.794972681	0.720639612	0.612559443	0.637577261	0.900600663	0.871808293	0.845454069	0.886889041	0.863888708	0.90149514	0.861208209	0.877307983	0.869888062	0.618369943	0.69065282	0.525910329	0.6777922	0.565583081	0.260433327	0.435268809	0	0.420125695	0.567406652	0.422490999	0.649802842	0.478679282	0.88341221	0.722365862	0.81797821	0.777378457	0.839355027	0.92865685	0.891294397	0.907062967	0.884622981	0.872143698	0.792979812	0.914013357	0.82940549	0.918179168	0.914364713	0.889751492	0.880445435	0.843189798	0.858235022	0.838608749	0.905672437	0.867568978	0.828301529	0.900499277	0.87541024	0.908825824	0.895965685	0.906544187	0.778652665
Hgigas5	0.835627695	0.584168445	0.708372305	0.731001742	0.619101464	0.733152882	0.763093823	0.764217374	0.645287618	0.792872501	0.767252715	0.725022942	0.627264134	0.72282584	0.771510368	0.858145015	0.858996576	0.833669748	0.826555066	0.691604498	0.73931581	0.728417364	0.910129446	0.872712053	0.848376505	0.887635589	0.862877166	0.911869996	0.862088012	0.891375902	0.883123236	0.499951105	0.576726136	0.317788771	0.579203753	0.360594484	0.243572142	0.102581849	0.420125695	0	0.446222797	0.418654484	0.679508705	0.527494879	0.885174411	0.797783107	0.864452166	0.795321535	0.830901834	0.930126103	0.897052902	0.911410014	0.888354746	0.860215017	0.822576988	0.912912531	0.848032916	0.916630702	0.918282537	0.894881762	0.884386201	0.833769614	0.853724754	0.823967252	0.881451588	0.8412937	0.783660987	0.876620344	0.860802605	0.899084233	0.866800406	0.883314464	0.765163698
Hgigas6	0.890212097	0.698182199	0.650797134	0.819763879	0.685929226	0.835619502	0.815754569	0.835700483	0.769871408	0.864077287	0.840229942	0.750537244	0.727685875	0.801286155	0.853888619	0.904043894	0.902329124	0.887120301	0.894708454	0.788693566	0.805839316	0.818547815	0.93046227	0.909018807	0.88013239	0.919607282	0.899076778	0.934197657	0.902099901	0.938509822	0.928809646	0.62505183	0.709544742	0.51774468	0.696178414	0.56219985	0.448494052	0.46305109	0.567406652	0.446222797	0	0.589581843	0.476287737	0.497162561	0.917659684	0.854020965	0.911445874	0.854936133	0.887659301	0.953743913	0.932881187	0.939771126	0.926549055	0.90631337	0.866970482	0.942597089	0.892991292	0.944649181	0.944788559	0.935400032	0.924295681	0.894765461	0.906870373	0.873892305	0.923191734	0.898040188	0.863020508	0.916864674	0.909282021	0.933028634	0.905179899	0.924162084	0.832919348
Hgigas7	0.86795218	0.688401295	0.742205048	0.782693098	0.705373318	0.754413729	0.746888508	0.817298183	0.674041376	0.783528255	0.786471459	0.753795481	0.653669739	0.756688554	0.798045761	0.860855108	0.874383998	0.820646299	0.825021064	0.742085652	0.680042837	0.727340826	0.917618993	0.896291446	0.876743793	0.907294688	0.887403425	0.922479492	0.888903421	0.899177512	0.901436946	0.576688399	0.620003072	0.479694387	0.642512202	0.52560081	0.462338736	0.351721533	0.422490999	0.418654484	0.589581843	0	0.669348973	0.457919137	0.903053616	0.796988091	0.862527999	0.839740771	0.864189393	0.936031788	0.901411883	0.917329755	0.888794832	0.867402074	0.831353376	0.913482308	0.86328991	0.921626936	0.91852759	0.89669078	0.883344106	0.861865883	0.880735954	0.839634405	0.903341993	0.868043835	0.814232674	0.900620243	0.874431238	0.918692536	0.887204116	0.906729603	0.783543599
Hgigas8	0.941017559	0.854178676	0.49263097	0.893648989	0.844661379	0.836536302	0.782726268	0.897129996	0.756651829	0.883474722	0.886910465	0.874131107	0.862574858	0.907238174	0.935188095	0.941177762	0.938800356	0.923490952	0.910285318	0.838534037	0.75577368	0.7755029	0.958976945	0.941875409	0.940589009	0.952121569	0.945975088	0.954552373	0.942589847	0.934190197	0.937560579	0.786251158	0.839908671	0.723025686	0.832439735	0.750809731	0.680869935	0.689584932	0.649802842	0.679508705	0.476287737	0.669348973	0	0.580726358	0.95259423	0.889376213	0.933914577	0.917321007	0.933272593	0.970658532	0.962061935	0.963073642	0.954425014	0.944722657	0.915511077	0.965156983	0.92103654	0.966576034	0.966023645	0.944919529	0.952581245	0.942004994	0.949571021	0.918703691	0.959431479	0.951787484	0.939087433	0.951932441	0.942175198	0.964740545	0.951818576	0.95125169	0.890184978
Hgigas9	0.873390978	0.701417715	0.63095351	0.794177756	0.676639594	0.772595276	0.78379207	0.836752218	0.688110453	0.789267888	0.806987626	0.754149942	0.736409121	0.818552509	0.840112713	0.865511886	0.885063696	0.853248579	0.844622096	0.762711456	0.742143554	0.741293712	0.930369218	0.909526487	0.88275279	0.913218062	0.891836369	0.93238558	0.899350657	0.911727536	0.913479241	0.684162957	0.722013987	0.568592296	0.732205487	0.616131294	0.585791875	0.499068106	0.478679282	0.527494879	0.497162561	0.457919137	0.580726358	0	0.913062363	0.837865028	0.8975392	0.877669622	0.864954058	0.939281539	0.909113414	0.920422041	0.904018625	0.884653274	0.82191829	0.925254674	0.86206184	0.926933343	0.926503031	0.899655023	0.901290934	0.88011681	0.887403411	0.845043935	0.912375414	0.880940958	0.844286839	0.915389007	0.879678624	0.926325718	0.900515842	0.912973331	0.79812041
Hya6	0.809492651	0.789165174	0.919271651	0.82705087	0.827043839	0.809133647	0.850696651	0.766639291	0.853945133	0.815101341	0.83132513	0.862095027	0.847293229	0.834956959	0.823354565	0.777260907	0.766706889	0.754913795	0.751775851	0.842600381	0.870556233	0.842893395	0.624959581	0.632394888	0.662260116	0.637251095	0.570444445	0.617917211	0.751934848	0.790929659	0.770133317	0.85081898	0.849783894	0.874573828	0.85199033	0.867807886	0.879708659	0.880744796	0.88341221	0.885174411	0.917659684	0.903053616	0.95259423	0.913062363	0	0.77525907	0.751275365	0.747348277	0.789123565	0.844049239	0.847113497	0.825624332	0.833665909	0.814599324	0.808355385	0.848450011	0.796026684	0.843091492	0.823728384	0.833076748	0.839136825	0.670004136	0.64533181	0.758104927	0.798979792	0.809477893	0.819631474	0.780546265	0.800901087	0.769132756	0.809081098	0.791673291	0.832843048
SYA	0.849174596	0.724123076	0.859009592	0.770153554	0.771257927	0.792832747	0.762862787	0.810458459	0.79173582	0.809026709	0.816533509	0.855408789	0.810296624	0.813224181	0.855854345	0.854138868	0.86507734	0.831597446	0.810884726	0.782009309	0.74921074	0.751153589	0.848546879	0.832684049	0.81441916	0.841702588	0.838520368	0.847106789	0.841824964	0.85194004	0.827127464	0.799655982	0.821273316	0.801336634	0.819180781	0.798849442	0.75872033	0.790968903	0.722365862	0.797783107	0.854020965	0.796988091	0.889376213	0.837865028	0.77525907	0	0.447642671	0.359277447	0.818744252	0.919850449	0.869216274	0.892137454	0.880773586	0.86458396	0.810911188	0.900666276	0.828355372	0.901151185	0.898554357	0.903388178	0.867934411	0.84112209	0.8494372	0.838997799	0.89194143	0.869442404	0.833076964	0.887255929	0.846930354	0.870702237	0.871475772	0.890774206	0.830258351
SYB	0.823758752	0.750594681	0.908765673	0.77147852	0.784292732	0.777255247	0.826006019	0.809020161	0.811542326	0.808867997	0.803554428	0.879468612	0.83431098	0.81746632	0.850562885	0.818732507	0.839414818	0.803243805	0.786274371	0.814088641	0.820139755	0.775428498	0.798453265	0.781987503	0.784521325	0.803337965	0.773854081	0.789697866	0.787546846	0.79949019	0.775204586	0.839184356	0.842326636	0.867423207	0.841085943	0.848263241	0.840280529	0.85908271	0.81797821	0.864452166	0.911445874	0.862527999	0.933914577	0.8975392	0.751275365	0.447642671	0	0.416391739	0.79113583	0.899416981	0.85943732	0.857911761	0.852885926	0.843034917	0.81064904	0.883197819	0.816359225	0.882881689	0.872405381	0.882763481	0.844477111	0.788134115	0.805626298	0.815587123	0.854358005	0.838444786	0.814701052	0.853225847	0.80676707	0.836696136	0.849906996	0.870698605	0.826372587
SYC	0.827953836	0.725905844	0.886402566	0.762077066	0.760388823	0.805444566	0.824883106	0.800159141	0.821275306	0.825478441	0.827570581	0.852940417	0.819491506	0.814785663	0.849462237	0.846183618	0.84809903	0.806510579	0.806335366	0.778691857	0.783239839	0.78386332	0.827781597	0.803176065	0.792043192	0.804823646	0.808272393	0.82311319	0.817462113	0.832989742	0.810134771	0.814009038	0.817991241	0.810482958	0.815937456	0.78727437	0.771164363	0.789044709	0.777378457	0.795321535	0.854936133	0.839740771	0.917321007	0.877669622	0.747348277	0.359277447	0.416391739	0	0.793799735	0.912569646	0.873979993	0.884005922	0.870205329	0.86752762	0.819884753	0.900124721	0.830174575	0.899496899	0.895497496	0.902494031	0.865698308	0.812687713	0.81905223	0.838053289	0.870138593	0.854760745	0.804412779	0.866473029	0.829124359	0.855915567	0.860847593	0.878613204	0.834837402
AD10	0.532768535	0.703333222	0.912140674	0.648028748	0.690875048	0.754118079	0.838166265	0.667069993	0.813160905	0.720187399	0.738508238	0.800960487	0.773593508	0.788630013	0.731854361	0.693342184	0.714705963	0.71844955	0.707787597	0.7431268	0.835961846	0.807109683	0.782736559	0.745269194	0.723517437	0.763787743	0.752092997	0.787218427	0.764062443	0.793345086	0.75366163	0.825426973	0.792750951	0.839395223	0.798584952	0.818853902	0.823854437	0.83382385	0.839355027	0.830901834	0.887659301	0.864189393	0.933272593	0.864954058	0.789123565	0.818744252	0.79113583	0.793799735	0	0.807508572	0.791134478	0.807079653	0.778174828	0.784728578	0.74839588	0.771443944	0.752445793	0.780455198	0.797605798	0.858351555	0.770018946	0.743327545	0.752024957	0.766865707	0.809016743	0.783794225	0.761020477	0.820246678	0.791889404	0.805504856	0.795515792	0.815522177	0.75909805
KA10	0.816578425	0.883244061	0.961639928	0.852291071	0.884153095	0.897201654	0.936750756	0.847901502	0.916098712	0.865595982	0.865963463	0.905332764	0.889651622	0.890083964	0.848645125	0.807028185	0.83147263	0.844569489	0.855896119	0.916085753	0.935464988	0.926923713	0.859343846	0.870030426	0.869317405	0.860779327	0.862212953	0.860189606	0.857929405	0.884323634	0.877967052	0.915449347	0.905132593	0.928811912	0.905925489	0.921868361	0.92987301	0.931875874	0.92865685	0.930126103	0.953743913	0.936031788	0.970658532	0.939281539	0.844049239	0.919850449	0.899416981	0.912569646	0.807508572	0	0.668212336	0.64916737	0.657900258	0.704060956	0.727481302	0.647997201	0.722648995	0.588102284	0.641066153	0.837213165	0.630742502	0.801685933	0.809209514	0.811237226	0.818420686	0.805472994	0.846134585	0.823459102	0.834101095	0.811550726	0.829523524	0.810615299	0.845402816
KA11	0.78952289	0.829154765	0.94284523	0.799617856	0.832793373	0.849957797	0.901605637	0.800984656	0.871922632	0.821450137	0.79956555	0.870427803	0.835501678	0.838678173	0.796624955	0.785974824	0.795562584	0.798787196	0.821476289	0.87664748	0.910662028	0.89824567	0.887239696	0.885457087	0.8730879	0.880387169	0.861337494	0.888195347	0.856452229	0.889488062	0.882380057	0.883084689	0.857848974	0.896292085	0.871789532	0.884596905	0.893925697	0.900263687	0.891294397	0.897052902	0.932881187	0.901411883	0.962061935	0.909113414	0.847113497	0.869216274	0.85943732	0.873979993	0.791134478	0.668212336	0	0.563836545	0.533861145	0.582456207	0.653902541	0.604603747	0.697936201	0.516618192	0.624399358	0.79965277	0.534071569	0.790398631	0.81345504	0.803612385	0.855644215	0.801581697	0.809778157	0.84193139	0.811056033	0.837650335	0.837847691	0.831715321	0.80577826
KA12	0.804617798	0.85028089	0.946407209	0.833781371	0.857101754	0.867163952	0.91437469	0.822238343	0.887928613	0.837186042	0.818204856	0.896971199	0.869856699	0.870213091	0.832267739	0.779724926	0.805574557	0.809037459	0.830942356	0.890565037	0.92159421	0.909046073	0.86168614	0.868253029	0.866333705	0.853157886	0.839857998	0.860716666	0.832822924	0.865974234	0.8567137	0.899450341	0.882532634	0.910405143	0.891098756	0.901226172	0.908958661	0.913870198	0.907062967	0.911410014	0.939771126	0.917329755	0.963073642	0.920422041	0.825624332	0.892137454	0.857911761	0.884005922	0.807079653	0.64916737	0.563836545	0	0.579005716	0.631914516	0.695196363	0.599971303	0.701078303	0.570306416	0.610386829	0.794690646	0.567312705	0.787729974	0.79152435	0.804630414	0.821907554	0.815843626	0.82927791	0.815206164	0.824032877	0.806999169	0.826898659	0.821237439	0.823553227
KA13	0.786954938	0.8312274	0.934396749	0.801433442	0.839546437	0.843152589	0.898929996	0.79568118	0.861209973	0.8171423	0.781231421	0.876620803	0.840914142	0.846951962	0.800760702	0.762905265	0.791314159	0.785657556	0.812432583	0.872064549	0.901807179	0.890451057	0.877433279	0.868510158	0.866441526	0.872263731	0.853044991	0.877497795	0.841839539	0.865211636	0.864976231	0.886614138	0.862538973	0.892000003	0.880904444	0.891191113	0.887946031	0.891541761	0.884622981	0.888354746	0.926549055	0.888794832	0.954425014	0.904018625	0.833665909	0.880773586	0.852885926	0.870205329	0.778174828	0.657900258	0.533861145	0.579005716	0	0.58420802	0.644791118	0.6152755	0.679400403	0.577485123	0.618088607	0.788055151	0.535300727	0.7844448	0.809026857	0.79655907	0.846220324	0.799504714	0.794078048	0.836213662	0.802547274	0.820213517	0.82839971	0.821824088	0.790280022
KA14	0.802918072	0.811546219	0.919014256	0.7788723	0.803155736	0.812507805	0.880982534	0.783155163	0.822718927	0.792751924	0.758692255	0.856677529	0.806857012	0.810578972	0.768160448	0.730553025	0.778902293	0.770819818	0.786880861	0.854038891	0.893987715	0.872582413	0.858342745	0.865221284	0.846041981	0.849054685	0.845313196	0.861055655	0.844862405	0.876055965	0.871470446	0.855927802	0.833055668	0.85896842	0.851874971	0.858598114	0.87697909	0.864947406	0.872143698	0.860215017	0.90631337	0.867402074	0.944722657	0.884653274	0.814599324	0.86458396	0.843034917	0.86752762	0.784728578	0.704060956	0.582456207	0.631914516	0.58420802	0	0.540844519	0.653748876	0.561623503	0.629565773	0.610143709	0.670645846	0.605000212	0.713477542	0.744039417	0.752868197	0.826169615	0.762181142	0.788209079	0.802085306	0.76966278	0.818544534	0.783405964	0.794434563	0.731699805
KA2	0.799704117	0.754483538	0.883539042	0.760475451	0.76416821	0.763405135	0.813822279	0.743879719	0.784662609	0.757061104	0.711465642	0.824763021	0.772893614	0.796278046	0.753349491	0.702797729	0.761905456	0.758630044	0.771631267	0.800806536	0.842914553	0.814026312	0.833736677	0.810613155	0.798071691	0.823375808	0.829390932	0.832750739	0.835348396	0.867410581	0.851315368	0.81845138	0.79816159	0.818578194	0.816347011	0.820240197	0.809925775	0.820852091	0.792979812	0.822576988	0.866970482	0.831353376	0.915511077	0.82191829	0.808355385	0.810911188	0.81064904	0.819884753	0.74839588	0.727481302	0.653902541	0.695196363	0.644791118	0.540844519	0	0.707538556	0.447278256	0.67666552	0.673576222	0.748270734	0.653241601	0.736639243	0.755735783	0.764555118	0.841805831	0.756722665	0.792738114	0.80630528	0.768635602	0.821103221	0.767122645	0.814402192	0.702476034
KA3	0.802228547	0.863206515	0.951407402	0.817036757	0.867035604	0.872796845	0.921347108	0.826745215	0.894555755	0.846388084	0.829159521	0.879957821	0.849909463	0.860025819	0.816231002	0.79273459	0.821656616	0.822795813	0.831687644	0.897612419	0.921786739	0.914635771	0.852429935	0.860945944	0.846556683	0.849558164	0.856617377	0.86818077	0.85330449	0.878622134	0.87187104	0.904691078	0.875844847	0.913593065	0.896481078	0.905521678	0.914916681	0.91598382	0.914013357	0.912912531	0.942597089	0.913482308	0.965156983	0.925254674	0.848450011	0.900666276	0.883197819	0.900124721	0.771443944	0.647997201	0.604603747	0.599971303	0.6152755	0.653748876	0.707538556	0	0.705086543	0.564066267	0.642223296	0.822526763	0.603929173	0.793736092	0.813517747	0.812967499	0.83337904	0.806398247	0.835892522	0.836979781	0.82292157	0.818514277	0.823309079	0.807983686	0.818327764
KA4	0.82060564	0.783955557	0.901314436	0.781770736	0.786127143	0.783622985	0.83827964	0.769567328	0.809223049	0.760835953	0.74479829	0.856501564	0.814089438	0.824959855	0.792408479	0.716317273	0.764102432	0.759952756	0.761577757	0.815694663	0.850047285	0.821528876	0.825307903	0.794919678	0.787076452	0.803380328	0.808355857	0.810547349	0.830545669	0.849276298	0.837047477	0.850115793	0.834853953	0.849485272	0.843664238	0.850200602	0.836533271	0.853462178	0.82940549	0.848032916	0.892991292	0.86328991	0.92103654	0.86206184	0.796026684	0.828355372	0.816359225	0.830174575	0.752445793	0.722648995	0.697936201	0.701078303	0.679400403	0.561623503	0.447278256	0.705086543	0	0.677967023	0.654878838	0.707943886	0.675969673	0.720033633	0.741370574	0.778477004	0.826043161	0.779697768	0.814499029	0.796900309	0.767885284	0.796470734	0.782763566	0.78792802	0.73917963
KA5	0.812847114	0.862073193	0.952739966	0.825589959	0.862265479	0.878638187	0.922682	0.835775238	0.897897419	0.850707474	0.830481056	0.888568531	0.861608153	0.871367389	0.825692826	0.783826526	0.824053606	0.830623858	0.837081802	0.90074421	0.928241845	0.917465916	0.864029466	0.872003795	0.862670445	0.863567163	0.865162926	0.868617901	0.858147397	0.881857316	0.876142359	0.908485661	0.884451584	0.917872159	0.894734361	0.909479566	0.919004069	0.917908403	0.918179168	0.916630702	0.944649181	0.921626936	0.966576034	0.926933343	0.843091492	0.901151185	0.882881689	0.899496899	0.780455198	0.588102284	0.516618192	0.570306416	0.577485123	0.629565773	0.67666552	0.564066267	0.677967023	0	0.558269793	0.82676041	0.554179695	0.788375847	0.801553449	0.814036098	0.843880966	0.795465443	0.834226788	0.843061043	0.839326423	0.829330198	0.832772963	0.816359084	0.824662958
KA6	0.823704767	0.865081381	0.952615498	0.846448456	0.872855203	0.879018762	0.921594448	0.840467579	0.896722009	0.853611533	0.834095574	0.905733891	0.88045629	0.880460802	0.841595845	0.76662278	0.806137905	0.810365879	0.834684668	0.893260788	0.920110295	0.910928458	0.837555808	0.849642508	0.844606646	0.829226486	0.837243412	0.831160421	0.846027682	0.874622828	0.864800972	0.914021906	0.889607363	0.915439674	0.904294147	0.914592663	0.916032769	0.919569482	0.914364713	0.918282537	0.944788559	0.91852759	0.966023645	0.926503031	0.823728384	0.898554357	0.872405381	0.895497496	0.797605798	0.641066153	0.624399358	0.610386829	0.618088607	0.610143709	0.673576222	0.642223296	0.654878838	0.558269793	0	0.791863289	0.630836075	0.772647656	0.782327866	0.800086252	0.830274926	0.800040013	0.848710506	0.826733106	0.830866183	0.812871395	0.825153688	0.816188723	0.829927061
KA8	0.874675229	0.851268036	0.924294334	0.862126786	0.836632127	0.821501218	0.886993085	0.832222528	0.841624406	0.813819556	0.8445841	0.911313895	0.878019097	0.874808783	0.842903978	0.829339734	0.835001306	0.838569626	0.833325156	0.881220934	0.895694926	0.872533838	0.875347791	0.882114608	0.864659289	0.883117826	0.861640249	0.879300746	0.870883782	0.866755477	0.867196986	0.889995375	0.86353422	0.893518321	0.880553488	0.894009514	0.906379377	0.899161362	0.889751492	0.894881762	0.935400032	0.89669078	0.944919529	0.899655023	0.833076748	0.903388178	0.882763481	0.902494031	0.858351555	0.837213165	0.79965277	0.794690646	0.788055151	0.670645846	0.748270734	0.822526763	0.707943886	0.82676041	0.791863289	0	0.806284613	0.80565384	0.800610558	0.781852728	0.827324786	0.83181546	0.836987471	0.798586794	0.779532702	0.822712208	0.826150967	0.81405448	0.843899523
KA9	0.770595649	0.811812244	0.932947357	0.77726472	0.8122062	0.832532023	0.892674472	0.793621719	0.855475638	0.798175215	0.771378584	0.865115498	0.827999867	0.830889569	0.806412857	0.761233774	0.776606074	0.773651401	0.797767212	0.866153542	0.899613975	0.884853265	0.864840894	0.866071962	0.854098541	0.856994453	0.835429083	0.864719167	0.827681684	0.864729553	0.852796006	0.87483114	0.842044198	0.886702839	0.863816854	0.872897612	0.883962772	0.887725392	0.880445435	0.884386201	0.924295681	0.883344106	0.952581245	0.901290934	0.839136825	0.867934411	0.844477111	0.865698308	0.770018946	0.630742502	0.534071569	0.567312705	0.535300727	0.605000212	0.653241601	0.603929173	0.675969673	0.554179695	0.630836075	0.806284613	0	0.795122176	0.809644331	0.794179117	0.85016906	0.804236876	0.816174266	0.848265602	0.828788521	0.835299468	0.850398338	0.833373373	0.779389606
Hya8	0.779457607	0.762457907	0.924683986	0.716917833	0.780190071	0.788945884	0.882642085	0.738397395	0.837857959	0.785940352	0.789993351	0.776984222	0.740916324	0.768882297	0.713750941	0.700850853	0.75143855	0.746300144	0.733864972	0.821689454	0.87012964	0.841646366	0.653998146	0.651295371	0.660423009	0.683801957	0.641137939	0.639982378	0.748169016	0.81488862	0.799043353	0.827503477	0.78979062	0.835120146	0.810997383	0.813817491	0.822839393	0.833486101	0.843189798	0.833769614	0.894765461	0.861865883	0.942004994	0.88011681	0.670004136	0.84112209	0.788134115	0.812687713	0.743327545	0.801685933	0.790398631	0.787729974	0.7844448	0.713477542	0.736639243	0.793736092	0.720033633	0.788375847	0.772647656	0.80565384	0.795122176	0	0.403344687	0.762014749	0.774391575	0.692928025	0.690082896	0.771901645	0.77751863	0.776226179	0.774688282	0.767678623	0.753196401
Hya9	0.787555213	0.77803585	0.929291485	0.765132793	0.796477621	0.808789628	0.888368229	0.738397738	0.838893663	0.786679229	0.806021366	0.829417765	0.809017558	0.808282961	0.752014012	0.722557257	0.765228211	0.759732053	0.744265553	0.836829019	0.882270203	0.851431968	0.670740665	0.681526603	0.653931671	0.685477367	0.660031601	0.66457906	0.776971521	0.821529691	0.801841254	0.840061549	0.802351995	0.855180446	0.823838478	0.838921858	0.845084916	0.854571858	0.858235022	0.853724754	0.906870373	0.880735954	0.949571021	0.887403411	0.64533181	0.8494372	0.805626298	0.81905223	0.752024957	0.809209514	0.81345504	0.79152435	0.809026857	0.744039417	0.755735783	0.813517747	0.741370574	0.801553449	0.782327866	0.800610558	0.809644331	0.403344687	0	0.747061589	0.762331861	0.714110944	0.729263711	0.750285544	0.759352139	0.758355924	0.756658527	0.761778656	0.772093347
XM1	0.783274679	0.744527496	0.878120016	0.775757513	0.741004879	0.753500164	0.851117195	0.729954141	0.738175563	0.686627384	0.73433826	0.826833448	0.77873966	0.764136919	0.726779325	0.728885922	0.720557749	0.706292349	0.697495825	0.817371613	0.855721898	0.831295442	0.837306353	0.840953967	0.823131526	0.848126455	0.80638748	0.848470172	0.809360641	0.837226405	0.811345795	0.786528197	0.789004315	0.818696324	0.79642173	0.808197261	0.846824587	0.832004933	0.838608749	0.823967252	0.873892305	0.839634405	0.918703691	0.845043935	0.758104927	0.838997799	0.815587123	0.838053289	0.766865707	0.811237226	0.803612385	0.804630414	0.79655907	0.752868197	0.764555118	0.812967499	0.778477004	0.814036098	0.800086252	0.781852728	0.794179117	0.762014749	0.747061589	0	0.663837166	0.667971141	0.688642483	0.639821382	0.60441188	0.638725785	0.627651252	0.671231352	0.654040026
XM10	0.818207514	0.824323405	0.94048147	0.831254342	0.819475954	0.841077209	0.908461051	0.786082627	0.850633822	0.80440036	0.823994327	0.874925076	0.859251046	0.840775226	0.798649736	0.795393891	0.797517455	0.801132014	0.808547572	0.844569446	0.906753587	0.883759157	0.842767623	0.848161581	0.846360261	0.847962115	0.819154648	0.853178957	0.820673906	0.852147056	0.827691893	0.854612456	0.855965582	0.876151064	0.849715546	0.868046305	0.898315196	0.886121249	0.905672437	0.881451588	0.923191734	0.903341993	0.959431479	0.912375414	0.798979792	0.89194143	0.854358005	0.870138593	0.809016743	0.818420686	0.855644215	0.821907554	0.846220324	0.826169615	0.841805831	0.83337904	0.826043161	0.843880966	0.830274926	0.827324786	0.85016906	0.774391575	0.762331861	0.663837166	0	0.743905991	0.772311746	0.645773313	0.700457532	0.608075213	0.644121277	0.632180476	0.79200807
XM12.1	0.800091496	0.770359044	0.925123492	0.754376265	0.774049758	0.811859799	0.894066576	0.747407523	0.806140993	0.793714234	0.752661195	0.763337721	0.726603191	0.724946853	0.656203973	0.724794354	0.766067438	0.77024294	0.773029953	0.859583794	0.904970465	0.882503565	0.853946433	0.852660455	0.824831272	0.85239756	0.836410214	0.861451238	0.824732995	0.857177546	0.837597273	0.804343034	0.803592852	0.835194686	0.804689804	0.820609478	0.857632756	0.84607086	0.867568978	0.8412937	0.898040188	0.868043835	0.951787484	0.880940958	0.809477893	0.869442404	0.838444786	0.854760745	0.783794225	0.805472994	0.801581697	0.815843626	0.799504714	0.762181142	0.756722665	0.806398247	0.779697768	0.795465443	0.800040013	0.83181546	0.804236876	0.692928025	0.714110944	0.667971141	0.743905991	0	0.560857155	0.716338531	0.683610694	0.73124767	0.675405586	0.761942977	0.668357737
XM12.2	0.775617463	0.715327447	0.907487153	0.67012351	0.709705721	0.766471448	0.873242403	0.719037757	0.759142	0.770034515	0.748551919	0.717965197	0.647760016	0.68748061	0.631809501	0.758896685	0.798536367	0.773045085	0.753252821	0.825114168	0.888398712	0.853258985	0.866804747	0.861594608	0.832362333	0.859926602	0.837968867	0.872940349	0.82829797	0.877329045	0.858999834	0.771065195	0.721293484	0.778687448	0.729736438	0.745185965	0.799991752	0.783624604	0.828301529	0.783660987	0.863020508	0.814232674	0.939087433	0.844286839	0.819631474	0.833076964	0.814701052	0.804412779	0.761020477	0.846134585	0.809778157	0.82927791	0.794078048	0.788209079	0.792738114	0.835892522	0.814499029	0.834226788	0.848710506	0.836987471	0.816174266	0.690082896	0.729263711	0.688642483	0.772311746	0.560857155	0	0.742927323	0.678378465	0.767519608	0.722083805	0.768684818	0.696092276
XM2	0.830365758	0.813974992	0.932223618	0.838556831	0.813228747	0.815581462	0.897740571	0.77007966	0.820525396	0.776040761	0.79807468	0.875715634	0.845114192	0.81564518	0.772287564	0.787904213	0.781254237	0.772771358	0.771561467	0.864219115	0.897162839	0.874064666	0.842721015	0.846008352	0.831230508	0.850797702	0.817898099	0.849255994	0.826717989	0.855238237	0.829896661	0.85542774	0.842100707	0.880939117	0.841533056	0.866584494	0.893454285	0.884731837	0.900499277	0.876620344	0.916864674	0.900620243	0.951932441	0.915389007	0.780546265	0.887255929	0.853225847	0.866473029	0.820246678	0.823459102	0.84193139	0.815206164	0.836213662	0.802085306	0.80630528	0.836979781	0.796900309	0.843061043	0.826733106	0.798586794	0.848265602	0.771901645	0.750285544	0.639821382	0.645773313	0.716338531	0.742927323	0	0.660462839	0.662379863	0.587023927	0.682339301	0.769242862
XM4	0.803281678	0.791532318	0.91216718	0.810982807	0.772092963	0.769463281	0.879160231	0.727768448	0.768593	0.744416829	0.742059212	0.857911302	0.820176305	0.7847208	0.740949853	0.779885841	0.770284556	0.767089216	0.775149881	0.839813539	0.87619233	0.848433924	0.858168407	0.850617444	0.82443468	0.866710424	0.830738205	0.867731034	0.824784443	0.835190473	0.818744901	0.837402259	0.811890817	0.853608644	0.823148649	0.845325525	0.882167257	0.868306938	0.87541024	0.860802605	0.909282021	0.874431238	0.942175198	0.879678624	0.800901087	0.846930354	0.80676707	0.829124359	0.791889404	0.834101095	0.811056033	0.824032877	0.802547274	0.76966278	0.768635602	0.82292157	0.767885284	0.839326423	0.830866183	0.779532702	0.828788521	0.77751863	0.759352139	0.60441188	0.700457532	0.683610694	0.678378465	0.660462839	0	0.6830742	0.648593418	0.68397208	0.717056489
XM5	0.8180285	0.825425536	0.937208058	0.845142218	0.840036662	0.825919346	0.896707979	0.782663483	0.84834321	0.781386748	0.808051078	0.889942858	0.868091931	0.837346599	0.79638475	0.773343021	0.768358087	0.78195086	0.767535163	0.853306681	0.891821392	0.878367206	0.819749137	0.829497066	0.811430054	0.832487995	0.80249605	0.824446602	0.792841958	0.818418051	0.788778616	0.87304672	0.874680407	0.897711704	0.874590768	0.890818715	0.901504716	0.903561503	0.908825824	0.899084233	0.933028634	0.918692536	0.964740545	0.926325718	0.769132756	0.870702237	0.836696136	0.855915567	0.805504856	0.811550726	0.837650335	0.806999169	0.820213517	0.818544534	0.821103221	0.818514277	0.796470734	0.829330198	0.812871395	0.822712208	0.835299468	0.776226179	0.758355924	0.638725785	0.608075213	0.73124767	0.767519608	0.662379863	0.6830742	0	0.643335119	0.634156629	0.803817148
XM6	0.816631127	0.788962492	0.913962146	0.816413327	0.787536606	0.797681386	0.886174661	0.739085268	0.788274501	0.774083224	0.763303013	0.857667445	0.831096588	0.784925758	0.743886236	0.760646259	0.782596705	0.764849468	0.782580093	0.844692715	0.89266648	0.872950549	0.858436706	0.840624878	0.834155558	0.863500636	0.847211074	0.865462053	0.834500434	0.861475486	0.836982662	0.83395014	0.824224902	0.863726358	0.814272015	0.855336302	0.885058937	0.873173306	0.895965685	0.866800406	0.905179899	0.887204116	0.951818576	0.900515842	0.809081098	0.871475772	0.849906996	0.860847593	0.795515792	0.829523524	0.837847691	0.826898659	0.82839971	0.783405964	0.767122645	0.823309079	0.782763566	0.832772963	0.825153688	0.826150967	0.850398338	0.774688282	0.756658527	0.627651252	0.644121277	0.675405586	0.722083805	0.587023927	0.648593418	0.643335119	0	0.688075295	0.685024148
XM7	0.827809283	0.84426463	0.936664325	0.821010896	0.83889495	0.850758115	0.907944775	0.791635402	0.851727445	0.807103472	0.811305507	0.870423677	0.848457341	0.835097452	0.791724367	0.813561012	0.795738605	0.827103938	0.797680461	0.863230503	0.903533613	0.889542892	0.851267602	0.861041119	0.856790603	0.859238193	0.836183637	0.85829151	0.829090346	0.865238873	0.843640193	0.856665688	0.863363728	0.885413718	0.857161977	0.87983826	0.899671582	0.887917504	0.906544187	0.883314464	0.924162084	0.906729603	0.95125169	0.912973331	0.791673291	0.890774206	0.870698605	0.878613204	0.815522177	0.810615299	0.831715321	0.821237439	0.821824088	0.794434563	0.814402192	0.807983686	0.78792802	0.816359084	0.816188723	0.81405448	0.833373373	0.767678623	0.761778656	0.671231352	0.632180476	0.761942977	0.768684818	0.682339301	0.68397208	0.634156629	0.688075295	0	0.81539698
XM9	0.802736736	0.695798893	0.83660465	0.725052299	0.68010908	0.690032116	0.802134665	0.726222028	0.644472824	0.697727473	0.64683811	0.765607442	0.681225265	0.696845259	0.708670866	0.663152115	0.749349817	0.704796922	0.715191291	0.800657575	0.814663079	0.77870702	0.865568485	0.844030079	0.827242681	0.867830153	0.848339696	0.872490399	0.853793726	0.875716595	0.859295731	0.752623801	0.751065622	0.775912528	0.760467628	0.753444719	0.799618588	0.770792591	0.778652665	0.765163698	0.832919348	0.783543599	0.890184978	0.79812041	0.832843048	0.830258351	0.826372587	0.834837402	0.75909805	0.845402816	0.80577826	0.823553227	0.790280022	0.731699805	0.702476034	0.818327764	0.73917963	0.824662958	0.829927061	0.843899523	0.779389606	0.753196401	0.772093347	0.654040026	0.79200807	0.668357737	0.696092276	0.769242862	0.717056489	0.803817148	0.685024148	0.81539698	0
